site,accession,identity,REF,ALT,REF_DP,ALT_DP,ALT_FREQ,RaTG13,BANAL-20-52
487,SRR13441700,any,G,T,0,1,1.0,T,T
21562,SRR13441700,any,A,C,0,1,1.0,C,A
21562,SRR13441700,high,A,C,0,1,1.0,C,A
8782,SRR13441704,any,C,T,2,3,0.6,T,T
28144,SRR13441704,any,T,C,2,6,0.75,C,C
8782,SRR13441704,high,C,T,1,3,0.75,T,T
28144,SRR13441704,high,T,C,1,2,0.666667,C,C
18060,SRR13441705,any,C,T,8,8,0.5,T,T
28144,SRR13441705,any,T,C,1,8,0.888889,C,C
18060,SRR13441705,high,C,T,4,6,0.6,T,T
28144,SRR13441705,high,T,C,1,6,0.857143,C,C
8782,SRR13441708,any,C,T,1,3,0.75,T,T
22963,SRR13441708,any,T,C,1,1,0.5,T,C
28144,SRR13441708,any,T,C,1,4,0.8,C,C
8782,SRR13441708,high,C,T,1,3,0.75,T,T
28144,SRR13441708,high,T,C,1,4,0.8,C,C
20100,SRR13441709,any,T,C,1,1,0.5,C,T
28144,SRR13441709,any,T,C,0,1,1.0,C,C
3346,SRR13441709,high,T,C,0,1,1.0,C,C
556,SRR13441710,any,C,T,1,1,0.5,T,C
1963,SRR13441710,any,T,C,1,1,0.5,T,C
22657,SRR13441710,any,T,C,0,1,1.0,C,T
1963,SRR13441710,high,T,C,0,1,1.0,T,C
22657,SRR13441710,high,T,C,0,1,1.0,C,T
28144,all-accession,any,T,C,4,19,0.826087,C,C
8782,all-accession,high,C,T,6,6,0.5,T,T
28144,all-accession,high,T,C,3,12,0.8,C,C
